{"1": {"8ivPsz1lvHSHBOQPLNlhDw": 3.1875, "-Wdp5xVPqhbFxWZDVmqRNw": 3.475, "4abebltNgtm_-nN4NksJTA": 3.1875, "NOTGBsH5QK0X4iSaKcyLLg": 3.3157894736842106, "Xqu75Zj2v7ZGdyTNA7NG3Q": 3.4915254237288136, "O9Z8CoMM2zL1DL5wq2fTUg": 3.3222222222222224, "82gUcpp_Z04hJaIjjnH4xA": 3.405263157894737, "1-sDd7CzBGG47ElyIWTq_Q": 3.1238938053097347, "1jMtot685bxNT7oeSTNCaA": 3.185185185185185, "nIBwnhQC-dKxVU5yD6g1pQ": 3.0264900662251657, "5a4yZKxvMsoD81h4kAXP_w": 3.4356435643564356, "9gVMS32J04Jl6Wfb3oC3MQ": 3.409090909090909, "E_73YjCxiqv4FHCTsmm5FA": 3.1031746031746033, "b1UvPlDmVtN0ATBVfe6wBw": 3.05, "4aWJLkiyxJVpTWVJePv_sg": 3.4242424242424243, "guKFU4NvP4mal20ZDjE0kQ": 2.7916666666666665}, "2": {"8ivPsz1lvHSHBOQPLNlhDw": 3.2831858407079646, "-Wdp5xVPqhbFxWZDVmqRNw": 3.3617021276595747, "4abebltNgtm_-nN4NksJTA": 3.2831858407079646, "NOTGBsH5QK0X4iSaKcyLLg": 3.2043478260869565, "Xqu75Zj2v7ZGdyTNA7NG3Q": 3.366906474820144, "O9Z8CoMM2zL1DL5wq2fTUg": 3.3214285714285716, "82gUcpp_Z04hJaIjjnH4xA": 3.299382716049383, "1-sDd7CzBGG47ElyIWTq_Q": 3.1464435146443517, "1jMtot685bxNT7oeSTNCaA": 3.375, "nIBwnhQC-dKxVU5yD6g1pQ": 3.1660377358490566, "5a4yZKxvMsoD81h4kAXP_w": 3.254385964912281, "9gVMS32J04Jl6Wfb3oC3MQ": 3.3141025641025643, "E_73YjCxiqv4FHCTsmm5FA": 3.1003937007874014, "b1UvPlDmVtN0ATBVfe6wBw": 3.4318181818181817, "4aWJLkiyxJVpTWVJePv_sg": 3.261764705882353, "guKFU4NvP4mal20ZDjE0kQ": 2.85}, "3": {"8ivPsz1lvHSHBOQPLNlhDw": 3.1828125, "-Wdp5xVPqhbFxWZDVmqRNw": 3.254385964912281, "4abebltNgtm_-nN4NksJTA": 3.1828125, "NOTGBsH5QK0X4iSaKcyLLg": 3.2163009404388716, "Xqu75Zj2v7ZGdyTNA7NG3Q": 3.265625, "O9Z8CoMM2zL1DL5wq2fTUg": 3.2788018433179724, "82gUcpp_Z04hJaIjjnH4xA": 3.2690582959641254, "1-sDd7CzBGG47ElyIWTq_Q": 3.192411924119241, "1jMtot685bxNT7oeSTNCaA": 3.3698224852071004, "nIBwnhQC-dKxVU5yD6g1pQ": 3.1549865229110514, "5a4yZKxvMsoD81h4kAXP_w": 3.282978723404255, "9gVMS32J04Jl6Wfb3oC3MQ": 3.2841726618705036, "E_73YjCxiqv4FHCTsmm5FA": 3.1933333333333334, "b1UvPlDmVtN0ATBVfe6wBw": 3.4057971014492754, "4aWJLkiyxJVpTWVJePv_sg": 3.2717391304347827, "guKFU4NvP4mal20ZDjE0kQ": 2.955357142857143}, "4": {"8ivPsz1lvHSHBOQPLNlhDw": 3.170854271356784, "-Wdp5xVPqhbFxWZDVmqRNw": 3.176751592356688, "4abebltNgtm_-nN4NksJTA": 3.170854271356784, "NOTGBsH5QK0X4iSaKcyLLg": 3.175392670157068, "Xqu75Zj2v7ZGdyTNA7NG3Q": 3.1768488745980705, "O9Z8CoMM2zL1DL5wq2fTUg": 3.2550335570469797, "82gUcpp_Z04hJaIjjnH4xA": 3.238782051282051, "1-sDd7CzBGG47ElyIWTq_Q": 3.1939461883408073, "1jMtot685bxNT7oeSTNCaA": 3.284782608695652, "nIBwnhQC-dKxVU5yD6g1pQ": 3.2160919540229886, "5a4yZKxvMsoD81h4kAXP_w": 3.2267080745341614, "9gVMS32J04Jl6Wfb3oC3MQ": 3.2392344497607657, "E_73YjCxiqv4FHCTsmm5FA": 3.215203426124197, "b1UvPlDmVtN0ATBVfe6wBw": 3.2877358490566038, "4aWJLkiyxJVpTWVJePv_sg": 3.230529595015576, "guKFU4NvP4mal20ZDjE0kQ": 3.180722891566265}, "5": {"8ivPsz1lvHSHBOQPLNlhDw": 3.231422505307856, "-Wdp5xVPqhbFxWZDVmqRNw": 3.192513368983957, "4abebltNgtm_-nN4NksJTA": 3.231422505307856, "NOTGBsH5QK0X4iSaKcyLLg": 3.1940639269406392, "Xqu75Zj2v7ZGdyTNA7NG3Q": 3.199453551912568, "O9Z8CoMM2zL1DL5wq2fTUg": 3.2005208333333335, "82gUcpp_Z04hJaIjjnH4xA": 3.2064102564102566, "1-sDd7CzBGG47ElyIWTq_Q": 3.206060606060606, "1jMtot685bxNT7oeSTNCaA": 3.285016286644951, "nIBwnhQC-dKxVU5yD6g1pQ": 3.237721021611002, "5a4yZKxvMsoD81h4kAXP_w": 3.2075, "9gVMS32J04Jl6Wfb3oC3MQ": 3.164473684210526, "E_73YjCxiqv4FHCTsmm5FA": 3.234126984126984, "b1UvPlDmVtN0ATBVfe6wBw": 3.2944444444444443, "4aWJLkiyxJVpTWVJePv_sg": 3.207286432160804, "guKFU4NvP4mal20ZDjE0kQ": 3.2222222222222223}, "6": {"8ivPsz1lvHSHBOQPLNlhDw": 3.2237354085603114, "-Wdp5xVPqhbFxWZDVmqRNw": 3.168192219679634, "4abebltNgtm_-nN4NksJTA": 3.2237354085603114, "NOTGBsH5QK0X4iSaKcyLLg": 3.2153846153846155, "Xqu75Zj2v7ZGdyTNA7NG3Q": 3.169724770642202, "O9Z8CoMM2zL1DL5wq2fTUg": 3.216517857142857, "82gUcpp_Z04hJaIjjnH4xA": 3.219646799116998, "1-sDd7CzBGG47ElyIWTq_Q": 3.2533333333333334, "1jMtot685bxNT7oeSTNCaA": 3.2055837563451774, "nIBwnhQC-dKxVU5yD6g1pQ": 3.222429906542056, "5a4yZKxvMsoD81h4kAXP_w": 3.236842105263158, "9gVMS32J04Jl6Wfb3oC3MQ": 3.177027027027027, "E_73YjCxiqv4FHCTsmm5FA": 3.2339622641509433, "b1UvPlDmVtN0ATBVfe6wBw": 3.227401129943503, "4aWJLkiyxJVpTWVJePv_sg": 3.236051502145923, "guKFU4NvP4mal20ZDjE0kQ": 3.239795918367347}, "7": {"8ivPsz1lvHSHBOQPLNlhDw": 3.245404411764706, "-Wdp5xVPqhbFxWZDVmqRNw": 3.190909090909091, "4abebltNgtm_-nN4NksJTA": 3.245404411764706, "NOTGBsH5QK0X4iSaKcyLLg": 3.209796672828096, "Xqu75Zj2v7ZGdyTNA7NG3Q": 3.192229038854806, "O9Z8CoMM2zL1DL5wq2fTUg": 3.2237354085603114, "82gUcpp_Z04hJaIjjnH4xA": 3.2263056092843327, "1-sDd7CzBGG47ElyIWTq_Q": 3.2458866544789764, "1jMtot685bxNT7oeSTNCaA": 3.2142857142857144, "nIBwnhQC-dKxVU5yD6g1pQ": 3.2209090909090907, "5a4yZKxvMsoD81h4kAXP_w": 3.220952380952381, "9gVMS32J04Jl6Wfb3oC3MQ": 3.162004662004662, "E_73YjCxiqv4FHCTsmm5FA": 3.237364620938628, "b1UvPlDmVtN0ATBVfe6wBw": 3.210280373831776, "4aWJLkiyxJVpTWVJePv_sg": 3.228927203065134, "guKFU4NvP4mal20ZDjE0kQ": 3.1856617647058822}}